name,phylum
Frangipani,Angiosperms
Hangzhou Chrysanthemum,Angiosperms
Honeysuckle,Angiosperms
Coffea arabica,Angiosperms
Siraitia grosvenorii,Angiosperms
Paeonia lactiflora,Angiosperms
Kuding tea,Angiosperms
Jiaogulan,Angiosperms
Mulberry,Angiosperms
Licorice,Angiosperms
Yellow Milk Tree,Angiosperms
Walnut,Angiosperms
Kiwi,Angiosperms
Fig,Angiosperms
Sea Buckthorn,Angiosperms
Jasmine,Angiosperms
Goji Berry,Angiosperms
Rosa Roxburghii,Angiosperms
Roselle,Angiosperms
Tamarind,Angiosperms
Golden Camellia,Angiosperms
Rattan Tea,Angiosperms
Perilla Leaf Tea,Angiosperms
Schisandra Tea,Angiosperms
Wild Hawthorn Tea,Angiosperms
Elderflower Tea,Angiosperms
Dandelion Tea,Angiosperms
Wild Rose Hip Tea,Angiosperms
Blueberry Leaf Tea,Angiosperms
Blackcurrant Leaf Tea,Angiosperms
Bee pollen drink,Angiosperms
Pine pollen drink,Angiosperms
Rapeseed pollen drink,Angiosperms
Corn Pollen Beverage,Angiosperms
Buckwheat Pollen Beverage,Angiosperms
Sunflower Pollen Beverage,Angiosperms
Tea Pollen Beverage,Angiosperms
Rose pollen beverage,Angiosperms
Chrysanthemum powder beverage,Angiosperms
Lemon leaf tea,Angiosperms
Stevia tea,Angiosperms
Lemon balm tea,Angiosperms
Guava Leaf Tea,Angiosperms
Birch Sap,Angiosperms
Bamboo Leaf Beverage,Angiosperms
Olive,Angiosperms
Cucumber Juice,Angiosperms
Evening Primrose,Angiosperms
Gourd Leaves,Angiosperms
Pine Needle Tea,Angiosperms
Maple Sap,Angiosperms
Eucommia tea,Angiosperms
Basil tea,Angiosperms
Toona sinensis leaves,Angiosperms
Jujube leaves,Angiosperms
Loranthus tea,Angiosperms
Kudzu root,Angiosperms
Coptis chinensis,Angiosperms
Polygonum multiflorum,Angiosperms
Mugwort,Angiosperms
American Ginseng,Angiosperms
Echinacea,Angiosperms
Mate,Angiosperms
Rhodiola,Angiosperms
Dendrobium,Angiosperms
Oroxylum,Angiosperms
Anredera cordifolia,Angiosperms
Dracaena leaf,Angiosperms
Moringa leaf,Angiosperms
Cinchona,Angiosperms
Baobab leaves,Angiosperms
Tamarind leaves,Angiosperms
Camphor leaf tea,Angiosperms
Wild grape leaves,Angiosperms
Cornus Tea,Angiosperms
Wild Papaya Leaf,Angiosperms
Carrot Juice,Angiosperms
Ginger Juice,Angiosperms
Tomato,Angiosperms
Celery,Angiosperms
Broccoli,Angiosperms
Sugarcane,Angiosperms
Bitter melon,Angiosperms
Truffle tea,Ascomycota
Usnea tea,Angiosperms
Prickly pear fruit,Angiosperms
Wild cherry leaf tea,Angiosperms
Wild strawberry leaf tea,Angiosperms
Wild blackberry tea,Angiosperms
Wild blueberry tea,Angiosperms
Raspberry Leaf,Angiosperms
Mulberry Leaf,Angiosperms
Apple Juice,Angiosperms
Pear Juice,Angiosperms
Cranberry Juice,Angiosperms
Loquat Juice,Angiosperms
Peach juice,Angiosperms
Plum juice,Angiosperms
Pumpkin juice,Angiosperms
Luffa juice,Angiosperms
Watermelon juice,Angiosperms
Winter melon juice,Angiosperms
Chayote juice,Angiosperms
Spiny gourd juice,Angiosperms
Snake gourd juice,Angiosperms
Cucumis melo juice,Angiosperms
Cauliflower juice,Angiosperms
Chinese kale juice,Angiosperms
Chinese cabbage juice,Angiosperms
Mustard green juice,Angiosperms
Wasabi juice,Angiosperms
Turnip Juice,Angiosperms
Horseradish Juice,Angiosperms
Burdock Tea,Angiosperms
Jerusalem Artichoke Tea,Angiosperms
Crown Daisy Tea,Angiosperms
Chamomile Tea,Angiosperms
Cabbage Juice,Angiosperms
Chili Pepper Juice,Angiosperms
Physalis Juice,Angiosperms
Bitter Melon Juice,Angiosperms
Potato Juice,Angiosperms
Coriander juice,Angiosperms
Fennel juice,Angiosperms
Dill juice,Angiosperms
Cumin juice,Angiosperms
Coriander juice,Angiosperms
Parsnip Juice,Angiosperms
Gentian,Angiosperms
Lysimachia,Angiosperms
Lithospermum,Angiosperms
Gelsemium,Angiosperms
Yunnan Lithospermum,Angiosperms
Hedyotis diffusa,Angiosperms
Yunnan Gentian,Angiosperms
Caraway Juice,Angiosperms
Physalis,Angiosperms
Orange Juice,Angiosperms
Wild Potato,Angiosperms
Wild Rice,Angiosperms
Wild Wheat,Angiosperms
Wild Soybean,Angiosperms
Wild Oats,Angiosperms
Rosa Roxburghii,Angiosperms
Hazelnut,Angiosperms
Wild Blueberries,Angiosperms
Fern,Pteridophyta
"Forest mushroom (e.g., Boletus)",Basidiomycota
Wild jujube,Angiosperms
Pecan,Angiosperms
Wild yam,Angiosperms
Chestnut,Angiosperms
White Mushroom,Basidiomycota
Mulberry,Angiosperms
Wild Sichuan Pepper,Angiosperms
Yam Bean,Angiosperms
Pine Nut,Angiosperms
Wild Asparagus,Angiosperms
Wild Longan,Angiosperms
Wood Ear Mushroom,Basidiomycota
Wild Daylily,Angiosperms
Strawberry,Angiosperms
Wild Papaya,Angiosperms
Fig,Angiosperms
Matsutake,Basidiomycota
Chestnut,Angiosperms
Konjac,Angiosperms
Kudzu root,Angiosperms
Lily,Angiosperms
Lotus root,Angiosperms
Solomon's Seal,Angiosperms
Quinoa,Angiosperms
Wild Pea,Angiosperms
Angelica,Angiosperms
Wild Garlic,Angiosperms
Wild Chives,Angiosperms
Wild Buckwheat,Angiosperms
Wild Arrowhead,Angiosperms
Thyme,Angiosperms
White Cardamom,Angiosperms
Kaempferia galanga,Angiosperms
Lemongrass,Tracheophyta
Clove,Angiosperms
Cynomorium,Angiosperms
Angelica sinensis,Angiosperms
Terminalia chebula,Angiosperms
Cumin,Angiosperms
Ligusticum,Angiosperms
Piper longum,Angiosperms
Gardenia jasminoides,Angiosperms
Amomum tsao-ko,Angiosperms
Eucalyptus globulus,Angiosperms
Longan,Tracheophyta
Astragalus,Tracheophyta
Peach,Angiosperms
Olive,Angiosperms
Amomum,Angiosperms
Magnolia,Angiosperms
Angelica,Angiosperms
Sesame,Angiosperms
Ginkgo nut,Angiosperms
Caraway,Angiosperms
Mugwort leaf,Angiosperms
Jujube,Angiosperms
Galangal,Angiosperms
Gecko,Chordata
Nutmeg,Angiosperms
Bitter Orange,Angiosperms
Betel Nut,Angiosperms
Homalomena,Angiosperms
Pogostemon,Angiosperms
Galangal,Angiosperms
Polygonum multiflorum,Tracheophyta
Lotus seed,Angiosperms
Alpinia oxyphylla,Angiosperms
Changbai Mountain Immortality Grass,Angiosperms
Vladimiria souliei,Angiosperms
Hawthorn,Tracheophyta
Ganoderma,Basidiomycota
Prunus japonica,Angiosperms
Papaya,Tracheophyta
Gastrodia elata,Tracheophyta
Polygonatum odoratum,Tracheophyta
Adenophora stricta,Angiosperms
Sichuan pepper,Angiosperms
Eupatorium,Angiosperms
Ophiopogon,Angiosperms
Centipede vine,Angiosperms
Dahongpao,Angiosperms
Lingxiangcao,Angiosperms
Fenugreek,Angiosperms
Huajuhong,Angiosperms
Rehmannia,Angiosperms
Lithospermum,Angiosperms
Chili Pepper,Tracheophyta
Schizonepeta,Equisetophyta
Clausena excavata,Angiosperms
Acanthopanax gracilistylus,Angiosperms
Saussurea costus,Angiosperms
Moutan Cortex,Angiosperms
Chenpi,Angiosperms
Gansong,Angiosperms
Xixin,Angiosperms
Buguzhi,Angiosperms
Sandalwood,Angiosperms
Anemarrhena,Angiosperms
Clematis,Angiosperms
Belamcanda,Angiosperms
Sophora,Angiosperms
Huai Shan,Angiosperms
Panax notoginseng,Angiosperms
Dendrobium,Tracheophyta
Inca Radish,Tracheophyta
Raspberry,Angiosperms
Tougucao,Angiosperms
Xiangfuzi,Angiosperms
Perilla,Angiosperms
Dill,Angiosperms
Hops,Tracheophyta
Mustard,Angiosperms
Saffron,Angiosperms
Rosemary,Angiosperms
Sage,Angiosperms
Tarragon,Angiosperms
Basil,Angiosperms
Oregano,Angiosperms
Allspice,Angiosperms
Tamarind,Tracheophyta
Lavender,Angiosperms
Parsley,Tracheophyta
Chives,Tracheophyta
Wasabi japonica,Angiosperms
Dipsacus,Angiosperms
Lily,Angiosperms
Asparagus cochinchinensis,Angiosperms
Saposhnikovia divaricata,Angiosperms
Polygala,Angiosperms
Houttuynia cordata,Angiosperms
Ligustrum,Angiosperms
Agastache,Angiosperms
Corydalis,Angiosperms
Rose,Angiosperms
Dalbergia odorifera,Angiosperms
Albizia,Tracheophyta
Isatis,Angiosperms
White Hyacinth Bean,Angiosperms
Salvia Miltiorrhiza,Tracheophyta
Ginseng Flower,Angiosperms
Storax,Magnoliophyta
Wintersweet,Angiosperms
Sour jujube,Angiosperms
Cassia seed,Angiosperms
Stemona,Angiosperms
Codonopsis,Angiosperms
Scrophularia,Angiosperms
Osmanthus Branch,Angiosperms
Burdock,Angiosperms
Borneol Camphor,Angiosperms
Alisma,Angiosperms
Xanthium,Angiosperms
White Peony,Angiosperms
Star Anise,Angiosperms
Camphor Tree,Angiosperms
Cinnamon,Tracheophyta
Ginger,Angiosperms
Calamus,Angiosperms
Bay Laurel,Angiosperms
Magnolia,Angiosperms
Schisandra,Angiosperms
Chrysanthemum,Angiosperms
Osmanthus,Angiosperms
Honeysuckle,Angiosperms
Sichuan Pepper,Angiosperms
Lemon,Angiosperms
Orange,Angiosperms
Almond,Angiosperms
Pepper,Angiosperms
Fennel,Angiosperms
Rosin,Gymnosperms
Cedar,Gymnosperms
Cypress,Gymnosperms
Peppermint,Angiosperms
Ylang-Ylang,Angiosperms
Agarwood,Angiosperms
Vetiver,Angiosperms
Spruce,Gymnosperms
Natural Beeswax,Arthropoda
Black Hornet Venom,Arthropoda
Common Wasp Venom,Arthropoda
Red Fire Ant Venom,Arthropoda
Stingless Bee Royal Jelly,Arthropoda
Mexican Bee Royal Jelly,Arthropoda
Bumblebee Royal Jelly,Arthropoda
Patagonian Stingless Bee Royal Jelly,Arthropoda
Small Stingless Bee Royal Jelly,Arthropoda
Pine Pollen,Gymnosperms
Jujube Pollen,Angiosperms
Corn Pollen,Angiosperms
Rapeseed Pollen,Angiosperms
Sophora Pollen,Angiosperms
Goji Berry Pollen,Angiosperms
Jasmine Pollen,Angiosperms
Buckwheat pollen,Angiosperms
Citrus pollen,Angiosperms
Clove pollen,Angiosperms
Cedar pollen,Gymnosperms
Cotton pollen,Angiosperms
Apple Pollen,Angiosperms
Blueberry Pollen,Angiosperms
Rose Pollen,Angiosperms
Hazelnut Pollen,Angiosperms
Rhododendron Pollen,Angiosperms
Betel Nut Pollen,Angiosperms
Chrysanthemum pollen,Angiosperms
Milk vetch pollen,Angiosperms
Dandelion pollen,Angiosperms
Lily pollen,Angiosperms
Burdock pollen,Angiosperms
Sunflower pollen,Angiosperms
Peach Blossom Powder,Angiosperms
Persimmon Blossom Powder,Angiosperms
Wisteria Blossom Powder,Angiosperms
Osmanthus Blossom Powder,Angiosperms
Lychee Blossom Powder,Angiosperms
Pear Pollen,Angiosperms
Longan Pollen,Angiosperms
Apricot Pollen,Angiosperms
Perilla Pollen,Angiosperms
Mint Pollen,Angiosperms
Kuding Tea Pollen,Angiosperms
Vitex Honey,Arthropoda
Hairy Huckleberry,Angiosperms
Kumquat,Angiosperms
Raspberry,Angiosperms
Taiwan Crabapple,Angiosperms
Three-leaf Crabapple,Angiosperms
Bean Pear,Angiosperms
Hubei Begonia,Angiosperms
Wild Banana,Angiosperms
Polygonum chinense,Angiosperms
Melastoma dodecandrum,Angiosperms
Green-leaf Schisandra,Angiosperms
Leopard,Angiosperms
Thick-stemmed Bird Cherry,Angiosperms
Hairy Grape,Angiosperms
Myrtle,Angiosperms
Black Tiger,Angiosperms
Palm-leaf Raspberry,Angiosperms
Rubus adenophorus,Angiosperms
Myrica rubra,Angiosperms
Cleyera japonica,Angiosperms
Cleyera grandiflora,Angiosperms
Diospyros glaucifolia,Angiosperms
Actinidia eriantha,Angiosperms
Actinidia callosa var. discolor,Angiosperms
Actinidia callosa var. henryi,Angiosperms
Actinidia fulvicoma,Angiosperms
Actinidia latifolia,Angiosperms
Actinidia melliana,Angiosperms
Vaccinium bracteatum,Angiosperms
Premna microphylla,Angiosperms
Viburnum fordiae,Angiosperms
Viburnum luzonicum,Angiosperms
Viburnum ichangense,Angiosperms
Calamus thysanolepis,Angiosperms
Vitis davidii,Angiosperms
Berchemia floribunda,Angiosperms
Cudrania tricuspidata,Angiosperms
Diospyros kaki var. sylvestris,Angiosperms
Diospyros oleifera,Angiosperms
Embelia ribes,Angiosperms
Embelia scandens,Angiosperms
Fissistigma oldhamii,Angiosperms
Cornus elliptica,Angiosperms
Rubus alceifolius,Angiosperms
Ficus heteromorpha,Angiosperms
Morus australis,Angiosperms
Rubus rosifolius,Angiosperms
Red Nanmu,Angiosperms
Multiflowered Garcinia,Angiosperms
Taiwan Loquat,Angiosperms
Heavenly Fruit,Angiosperms
Brown-haired Elaeocarpus,Angiosperms
Japanese May Tea,Angiosperms
Southern Schisandra,Angiosperms
Tail-leaf Akebia,Angiosperms
Cowfruit Vine,Angiosperms
White Akebia,Angiosperms
Eagle Claw Maple,Angiosperms
Yunnan Olive,Angiosperms
Plum,Angiosperms
Doi,Angiosperms
Pyracantha,Angiosperms
Emergency Ration,Angiosperms
Cherry,Angiosperms
Pecan,Angiosperms
Acorn,Angiosperms
Wild Apple,Angiosperms
Wild Pear,Angiosperms
Jingli,Angiosperms
Raspberry,Angiosperms
Blackberry,Angiosperms
Aronia Berry,Angiosperms
Oleander Berry,Angiosperms
Red Berry,Angiosperms
Azalea Fruit,Angiosperms
Bilberry,Angiosperms
Red Raspberry,Angiosperms
Lychee Fruit,Angiosperms
Avocado Fruit,Angiosperms
Grapefruit,Angiosperms
Raspberry,Angiosperms
Wild Cherry,Angiosperms
Holly Berry,Angiosperms
Persimmon,Angiosperms
Cranberry,Angiosperms
Hawthorn,Angiosperms
Crabapple,Angiosperms
Jujube,Angiosperms
Wild Pear,Angiosperms
Wild Blueberries,Angiosperms
Bilberry,Angiosperms
Goji Berry,Angiosperms
Dogtooth fruit,Angiosperms
Clematis fruit,Angiosperms
Pomelo,Angiosperms
Wild walnut,Angiosperms
Crabapple berry,Angiosperms
Tea raspberry,Angiosperms
Alpine Berry,Angiosperms
Purple Grape,Angiosperms
Vine Berry,Angiosperms
Wild Blackberry,Angiosperms
Mountain Pear,Angiosperms
Nectarine,Angiosperms
Hazelnut,Angiosperms
Black Goji Berry,Angiosperms
Wild apricot,Angiosperms
Sea Buckthorn,Angiosperms
Lotus fruit,Angiosperms
Red mulberry,Angiosperms
Purple apricot,Angiosperms
Green jujube,Angiosperms
Sweet orange,Angiosperms
Wild Olive,Angiosperms
Golden Bell Fruit,Angiosperms
Fig,Angiosperms
Wax Apple,Angiosperms
Star Apple,Angiosperms
Cape Gooseberry,Angiosperms
Bergamot,Angiosperms
Jaboticaba,Angiosperms
Roselle fruit,Angiosperms
Chaploo fruit,Angiosperms
Tree tomato,Angiosperms
Mangosteen,Angiosperms
Passion fruit,Angiosperms
Noni,Angiosperms
Pawpaw,Angiosperms
Rambutan,Angiosperms
Cephalotaxus,Gymnosperms
Ginkgo,Gymnosperms
Dendrobium,Angiosperms
Gastrodia elata,Angiosperms
Paris polyphylla,Angiosperms
Bothrocaryum controversum,Angiosperms
Erigeron breviscapus,Angiosperms
Fibraurea tinctoria,Angiosperms
Coptis chinensis,Angiosperms
Poria cocos,Basidiomycota
Pinellia ternata,Angiosperms
Podophyllum,Angiosperms
Agarwood,Angiosperms
Betel Nut,Angiosperms
Terminalia chebula,Angiosperms
Fritillaria,Angiosperms
Lily,Angiosperms
Eucommia,Angiosperms
Phellodendron,Gymnosperms
Cibotium,Pteridophyta
Magnolia officinalis,Angiosperms
Cinnamon,Angiosperms
Nutmeg,Angiosperms
Homalomena,Angiosperms
Houttuynia cordata,Angiosperms
Pine Needle,Gymnosperms
Rhubarb,Angiosperms
Chinese Holly,Angiosperms
Phellodendron,Angiosperms
Platycladus orientalis leaves,Gymnosperms
Ilex chinensis,Angiosperms
Angelica sinensis,Angiosperms
Scrophularia,Angiosperms
Cocculus orbiculatus,Angiosperms
Dysosma versipellis,Angiosperms
Xixin,Angiosperms
Saposhnikovia divaricata,Angiosperms
Atractylodes macrocephala,Angiosperms
Dioscorea nipponica,Angiosperms
Stephania tetrandra,Angiosperms
Cimicifuga,Angiosperms
Allium macrostemon,Angiosperms
Honey-fried Licorice,Angiosperms
Gansui,Angiosperms
Golden Buckwheat,Angiosperms
Three-leaf Akebia,Angiosperms
Arisaema,Tracheophyta
Fresh Rehmannia,Angiosperms
Changium smyrnioides,Angiosperms
Spatholobus suberectus,Angiosperms
Erycibe obtusifolia,Angiosperms
Polygonum multiflorum,Angiosperms
Honeysuckle Vine,Angiosperms
Thunder God Vine,Angiosperms
Sea Wind Vine,Angiosperms
Stone South Vine,Angiosperms
Guan Mu Tong,Angiosperms
Big Blood Vine,Angiosperms
Juncus effusus,Angiosperms
Picrasma,Angiosperms
Tetrapanax papyrifer,Angiosperms
Illicium difengpi,Angiosperms
Loranthus,Angiosperms
Yellow Vine,Angiosperms
Mulberry Twig,Spermatophyta
Winged Euonymus,Angiosperms
Elderberry,Tracheophyta
Trachelospermum Jasminoides,"Tracheophyta, Class: Magnoliopsida"
Uncaria,Angiosperms
Aristolochia,Angiosperms
Gleditsia spine,Angiosperms
Dalbergia,Tracheophyta
Cinnamomum cassia,Angiosperms
Agarwood,Angiosperms
Magnolia officinalis,Angiosperms
Clausena excavata,Tracheophyta
Mint,Tracheophyta
Ailanthus bark,Angiosperms
Turpinia,Angiosperms
Epimedium,"Tracheophyta, Species: Epimedium"
Evodia Leaf,Angiosperms
Chinaberry Bark,Angiosperms
Hibiscus Bark,Angiosperms
Acanthopanax gracilistylus,Angiosperms
Dictamnus Root Bark,Angiosperms
Cynanchum bungei,Angiosperms
Kuding tea,Angiosperms
Apocynum venetum,Angiosperms
Microcos paniculata,Angiosperms
Microcos paniculata,Angiosperms
Blumea balsamifera,Angiosperms
Coriander,Angiosperms
Solanum lyratum,Angiosperms
Solanum nigrum,Angiosperms
Scutellaria barbata,Angiosperms
Viola philippica,Spermatophyta
Dianthus superbus,Angiosperms
Artemisia capillaris,Angiosperms
Sarcandra glabra,Angiosperms
Selaginella,Lycopodiophyta [6]
Artemisia annua,Angiosperms
Artemisia japonica,Angiosperms
Centella asiatica,Tracheophyta
Gerbera,Angiosperms
Water Celery,Tracheophyta
Horsetail,Pteridophyta
Tianxianglu,Angiosperms
Lurongcao,Angiosperms
Xiangru,Angiosperms
Longshecao,Angiosperms
Lophatherum gracile,Angiosperms
Lygodium japonicum,Pteridophyta
Cynanchum paniculatum,Angiosperms
Lycopodium clavatum,Lycopodiophyta
Silybum marianum,Tracheophyta
Eupatorium,Angiosperms
Old Man's Beard,Angiosperms
Pogostemon cablin,Angiosperms
Thlaspi arvense,Angiosperms
Potentilla chinensis,Angiosperms
Earth Pea,Angiosperms
Mesona,Angiosperms
Physalis,Angiosperms
Horsetail,Pteridophyta
Elephantopus,Angiosperms
Euphorbia helioscopia,Angiosperms
Polygonum hydropiper,Angiosperms
Lygodium japonicum,Pteridophyta
Shiraia bambusicola,Ascomycota
Morel,Ascomycota
Gallnut,Angiosperms
Thunderball,Basidiomycota
Kelp,Phaeophyta
Yunzhi,Basidiomycota
Cordyceps sinensis,Ascomycota
Ganoderma sinense,Basidiomycota
Quisqualis indica,Angiosperms
Plantain Seed,Angiosperms
Torreya Seed,Gymnospermae
Oil Palm,Angiosperms
Pine Nut,Gymnospermae
Flax,Angiosperms
Sunflower,Angiosperms
Soybean,Angiosperms
Coconut,Tracheophyta
Safflower,Angiosperms
Tea tree,Angiosperms
Green-flowered mountain celery,Angiosperms
Tiger hazelnut,Angiosperms
Black Walnut,Angiosperms
Torreya,Gymnospermae
Red Maple,Angiosperms
Ginkgo,Spermatophyta
Neem,Angiosperms
Camellia,Tracheophyta
Yew,Gymnospermae
Chives,Angiosperms
Alfalfa,Angiosperms
Vanilla,Angiosperms
Bitter Buckwheat,Angiosperms
Angelica dahurica,Tracheophyta
Zelkova,Angiosperms
White wax tree,Tracheophyta
Cleome,Angiosperms
Syringa vulgaris,Angiosperms
Ulmus pumila,Spermatophyta
Hazelnut,Tracheophyta
Pecan,Angiosperms
Peanut,Angiosperms
Camellia oleifera,Tracheophyta
Cornus officinalis,Angiosperms
Xanthoceras sorbifolium,Tracheophyta
Prunus pedunculata,Angiosperms
Acer truncatum,Angiosperms
Idesia polycarpa,Angiosperms
Plukenetia volubilis,Angiosperms
Elaeagnus mollis oil,Angiosperms
Xikang Almond,Angiosperms
Desert Nut,Angiosperms
Almond,Angiosperms
Sweet Almond,Angiosperms
Hairy-leaf Idesia,Angiosperms
Butterfly Fruit,Angiosperms
Sacha Inchi,Angiosperms
Cocoa,Angiosperms
Coptis,Angiosperms
Moringa,Angiosperms
Sea buckthorn,Angiosperms
Tung tree,Angiosperms
Oil Peony,Angiosperms
Tallow Tree,Angiosperms
Qingci Fruit,Angiosperms
Jatropha,Angiosperms
Duchesnea,Angiosperms
Sesame,Angiosperms
Garcinia oblongifolia,Angiosperms
Garcinia xanthochymus,Angiosperms
Pea,Angiosperms
Huatan Pear,Angiosperms
Swamp Oak,Angiosperms
Rose,Angiosperms
Hardcore (original variety),Angiosperms
Thlaspi arvense,Angiosperms
Ginger,Angiosperms
Red Ginger,Angiosperms
Manilkara,Angiosperms
Silver Wormwood,Angiosperms
Large-flowered Wormwood,Angiosperms
Brassica rapa,Angiosperms
Oil mustard,Angiosperms
Oil cabbage,Angiosperms
Avocado,Angiosperms
Calophyllum,Angiosperms
Canarium bengalense,Angiosperms
Canarium strictum,Angiosperms
Pecan,Angiosperms
Vietnamese Hickory,Angiosperms
Nanking Cherry,Angiosperms
Butterfly Fruit,Angiosperms
Winter squash,Angiosperms
Cymbopogon flexuosus,Angiosperms
Lemongrass,Angiosperms
Spondias dulcis,Angiosperms
Rusty-haired Shuttle Fruit,Angiosperms
Cloud Tree,Angiosperms
Fragrant Leaf Tree,Angiosperms
Fragrant Litsea,Angiosperms
Sichuan Litsea,Angiosperms
Litsea,Angiosperms
Lycopsis arvensis,Angiosperms
Malania oleifera,Angiosperms
Manilkara zapota,Angiosperms
Mucuna birdwoodiana,Angiosperms
Mucuna sempervirens,Angiosperms
Oenothera glazioviana,Angiosperms
Olea yunnanensis,Angiosperms
Tiger hazelnut,Angiosperms
Passiflora,Angiosperms
Rosa davurica var. glabra,Angiosperms
Castor bean,Angiosperms
Perilla,Angiosperms
Cyperus esculentus,Angiosperms
Cotton,Angiosperms
Flax,Angiosperms
Hemp,Angiosperms
Tomato,Angiosperms
Spinach,Angiosperms
Lettuce,Angiosperms
Cucumber,Angiosperms
Green pepper,Angiosperms
Onion,Angiosperms
Eggplant,Angiosperms
Radish,Angiosperms
Green beans,Angiosperms
Lettuce,Angiosperms
Taro,Angiosperms
Green Beans,Angiosperms
Scallion,Angiosperms
Bamboo Shoots,Angiosperms
Purple Cabbage,Angiosperms
Cauliflower,Angiosperms
Beet,Angiosperms
Zucchini,Angiosperms
Green beans,Angiosperms
Sweet potato,Angiosperms
Okra,Angiosperms
Asparagus,Angiosperms
Choy Sum,Angiosperms
Water Spinach,Angiosperms
Garland Chrysanthemum,Angiosperms
Aloe Vera,Angiosperms
You Mai Cai,Angiosperms
Green radish,Angiosperms
Shepherd's purse,Angiosperms
Chives,Angiosperms
White radish,Angiosperms
Taro,Angiosperms
Wood ear vegetable,Angiosperms
Green garlic,Angiosperms
Horn pepper,Angiosperms
Arrowhead,Angiosperms
Purslane,Angiosperms
Yellow Chives,Angiosperms
Red Chili Pepper,Angiosperms
Red Amaranth,Angiosperms
Water Celery,Angiosperms
Bitter Chrysanthemum,Angiosperms
Asparagus,Angiosperms
Tremella fuciformis,Basidiomycota
Sweet potato,Angiosperms
Potherb mustard,Angiosperms
Pepper,Angiosperms
Chicory,Angiosperms
Sweet Potato,Angiosperms
Kelp,Phaeophyta
Lettuce,Angiosperms
Watercress,Angiosperms
Sweet Potato Leaves,Angiosperms
Enoki Mushroom,Basidiomycota
Shallot,Angiosperms
Kohlrabi,Angiosperms
Jerusalem artichoke,Angiosperms
Beet,Angiosperms
Kalimeris indica,Angiosperms
Water spinach,Angiosperms
Wood Ear Mushroom,Basidiomycota
Yam,Angiosperms
Lettuce,Angiosperms
Garlic,Angiosperms
Potato,Angiosperms
Lotus Root,Angiosperms
Onion,Angiosperms
Asparagus,Angiosperms
Chives,Angiosperms
Shiitake mushroom,Basidiomycota
Bitter Chrysanthemum,Angiosperms
Cherry radish,Angiosperms
Mung bean sprouts,Angiosperms
Water chestnut,Angiosperms
Artichoke,Angiosperms
Brussels sprouts,Angiosperms
Amaranth,Angiosperms
Zucchini,Angiosperms
Lettuce,Angiosperms
Edamame,Angiosperms
Water Spinach,Angiosperms
Water shield,Angiosperms
Water Celery,Angiosperms
Sweet Corn,Angiosperms
Water chestnut,Angiosperms
Bottle Gourd,Angiosperms
Mustard Greens,Angiosperms
Yam,Angiosperms
Artemisia selengensis,Angiosperms
Goji leaves,Angiosperms
Snow pea,Angiosperms
Peanut,Angiosperms
Lentil,Angiosperms
Broad Bean,Angiosperms
Soybean,Angiosperms
Edamame,Angiosperms
Cowpea,Angiosperms
Sweet potato,Angiosperms
Catechu,Angiosperms
Tea Maple,Angiosperms
Antidesma montanum,Angiosperms
Camellia ptilophylla,Angiosperms
Apocynum venetum,Angiosperms
Stephania tetrandra,Angiosperms
Bai Liang Jin,Angiosperms
Bei Ma Dou Ling,Angiosperms
Ying Zhao Hua,Angiosperms
Artemisia anomala,Angiosperms
Vietnamese Berchemia,Angiosperms
Axillary Hair Berchemia,Angiosperms
Short-fruited Berchemia,Angiosperms
Yellow-backed Berchemia,Angiosperms
Multiflorous Berchemia,Angiosperms
Oblong-leaved Berchemia,Angiosperms
Taiwan Gouercha,Angiosperms
Big Fruit Gouercha,Angiosperms
Gouercha,Angiosperms
Kuling Gouercha,Angiosperms
Yunnan Gouercha,Angiosperms
Whorled-leaf Gesneria,Angiosperms
Twin-gland Begonia,Angiosperms
Duckfoot Tea,Angiosperms
Black-faced God,Angiosperms
Calycopteris,Angiosperms
Middle East Golden Camellia,Angiosperms
Sharp-calyx Tumor-fruit Tea,Angiosperms
Camellia acuticalyx,Angiosperms
Camellia granthamiana,Angiosperms
Camellia albosericea,Angiosperms
Camellia albopilosa,Angiosperms
Camellia amplexicaulis,Angiosperms
Camellia arborescens,Angiosperms
Pu'er Tea,Angiosperms
Duo Mai Pu'er Tea,Angiosperms
Bitter Tea,Angiosperms
Large Calyx Camellia,Angiosperms
Hong Kong Camellia,Angiosperms
Old Black Tea,Angiosperms
Straight Vein Tumor Fruit Tea,Angiosperms
Five-Chamber Golden Flower Tea,Angiosperms
Bailingshan Red Camellia,Angiosperms
Bamboo Leaf Red Camellia,Angiosperms
Dianbei Red Camellia,Angiosperms
Short Stamen Tea,Angiosperms
Short Stamen Red Camellia,Angiosperms
Short Axis Red Camellia,Angiosperms
Short Stalk Red Camellia,Angiosperms
Short Column Tea,Angiosperms
Buxus Leaf Camellia,Angiosperms
Beautiful Tooth Camellia,Angiosperms
Bell Calyx Camellia,Angiosperms
White Hair Camellia,Angiosperms
Long-tailed Hair Camellia,Angiosperms
False Bighead Camellia,Angiosperms
Zhejiang Red Camellia,Angiosperms
Thin-leaf Golden Flower Camellia,Angiosperms
Chongqing Camellia,Angiosperms
Chen's Red Camellia,Angiosperms
Flat-fruited Red Camellia,Angiosperms
Small-fruited Short-column Tea,Angiosperms
Combined-column Rough-fruited Tea,Angiosperms
Heart-leaved Hairy-stamen Tea,Angiosperms
Ribbed Tea,Angiosperms
Guizhou United-stamen Tea,Angiosperms
Red-skinned Rough-fruited Tea,Angiosperms
Thick-axle Tea,Angiosperms
Camellia crassipes,Angiosperms
Camellia crassipetala,Angiosperms
Camellia crassifolia,Angiosperms
Camellia cupiformis,Angiosperms
Camellia crispula,Angiosperms
Camellia cryptoneura,Angiosperms
Camellia cuspidata,Angiosperms
Camellia cuspidata var. chekiangensis,Angiosperms
Camellia cuspidata var. grandiflora,Angiosperms
Danzhai Bald Tea,Angiosperms
Dehong Tea,Angiosperms
Bald-stemmed Camellia,Angiosperms
Toothless Hairy Camellia,Angiosperms
Sharp-calyx Red Camellia,Angiosperms
Fangcheng Tea,Angiosperms
Rough-fruited Tea,Angiosperms
Gaozhou Oil Tea,Angiosperms
Bald Tea,Angiosperms
Camellia grandibracteata,Angiosperms
Camellia gymnogyna,Angiosperms
Camellia glaberrima,Angiosperms
Camellia kwangsiensis,Angiosperms
Camellia kwangsiensis,Angiosperms
Camellia oleifera var. angustifolia,Angiosperms
Camellia membranacea,Angiosperms
Camellia diffusa,Angiosperms
Camellia luteoflora,Angiosperms
Camellia makuanica,Angiosperms
Camellia multisepala,Angiosperms
Camellia nanchuanica,Angiosperms
Camellia chrysantha,Angiosperms
Camellia oleifera,Angiosperms
Camellia tenuicalyx,Angiosperms
Camellia pentastyla,Angiosperms
Camellia purpurea,Angiosperms
Camellia remotiserrata,Angiosperms
Camellia reticulata,Angiosperms
Camellia rhytidocarpa,Angiosperms
Yuanji Tea,Angiosperms
Camellia,Angiosperms
Nanshan Tea,Angiosperms
Dachang Tea,Angiosperms
Dali Tea,Angiosperms
Liuguo Tea,Angiosperms
Rongjiang Tea,Angiosperms
Wuzhu Yunnan Tea,Angiosperms
Yuanjiang Short-stamen Tea,Angiosperms
Wood-fruit Red Camellia,Angiosperms
Yellow-flowered Short-stamen Camellia,Angiosperms
Wenshan Hair-stamen Camellia,Angiosperms
Dian-Myanmar Separated-stamen Camellia,Angiosperms
Green-calyx United-stamen Camellia,Angiosperms
Long-haired Red Camellia,Angiosperms
Vietnamese Oil Camellia,Angiosperms
Monomer Red Camellia,Angiosperms
Dongxing Golden Camellia,Angiosperms
Dong'an Red Camellia,Angiosperms
Thin-calyx United-stamen Camellia,Angiosperms
Camellia tsingpienensis,Angiosperms
Camellia yunnanensis,Angiosperms
Camellia truncata,Angiosperms
Camellia costata,Angiosperms
Camellia pubisepala,Angiosperms
Camellia pubicosta,Angiosperms
Camellia trichocarpa,Angiosperms
Camellia pubituba,Angiosperms
Camellia triflora,Angiosperms
Camellia nantoensis,Angiosperms
Alishan Camellia,Angiosperms
Thin-shelled Red Camellia,Angiosperms
Dayao Short-styled Camellia,Angiosperms
Simao Short-stamened Camellia,Angiosperms
Semi-persistent Calyx Camellia,Angiosperms
Entire-margined Red Camellia,Angiosperms
Semi-bald Camellia,Angiosperms
Long-tipped Camellia,Angiosperms
Five-chambered Camellia,Angiosperms
Spotted-branch Red Camellia,Angiosperms
Shaanxi Short-styled Camellia,Angiosperms
Coarse-haired Red Camellia,Angiosperms
Seven-petaled Thea,Angiosperms
Nujiang Red Camellia,Angiosperms
Silkworm Pupa,Arthropoda
Scorpion,Arthropoda
Oriental migratory locust,Arthropoda
Cicada,Arthropoda
Meimuna opalifera,Arthropoda
Cicada,Arthropoda
Bamboo Worm,Arthropoda
Diving Beetle,Arthropoda
Fighting Cricket,Arthropoda
Stink bug,Arthropoda
Giant water bug,Arthropoda
Longhorn beetle larva,Arthropoda
Dragonfly larva,Arthropoda
Bean moth larva,Arthropoda
Chinese rice grasshopper,Arthropoda
Mole cricket,Arthropoda
Woodworm,Arthropoda
Bee pupa,Arthropoda
Palm weevil,Arthropoda
Chinese forest frog,Chordata
Bullfrog,Chordata
Stone frog,Chordata
Tiger-striped frog,Chordata
Black-spotted pond frog,Chordata
Golden-lined frog,Chordata
Marsh frog,Chordata
Emei tree frog,Chordata
Carp,Chordata
Silver carp,Chordata
Bighead carp,Chordata
Japanese sea bass,Chordata
Bream,Chordata
Black carp,Chordata
Trout,Chordata
Ring-necked Pheasant,Chordata
Catfish,Chordata
Partridge,Chordata
Mole,Chordata
Wujin Pig,Chordata
Cauliflower Snake,Chordata
Black-tailed Snake,Chordata
Gray Rat Snake,Chordata
Water Snake,Chordata
Red Deer,Chordata
Altai Wapiti,Chordata
Sambar Deer,Chordata
White-tailed Deer,Chordata
Lizard,Chordata
Chinese Softshell Turtle,Chordata
Grass Turtle,Chordata
Red-eared Slider,Chordata
Yellow-throated terrapin,Chordata
Pearl turtle,Chordata
Three-lined box turtle,Chordata
Alligator snapping turtle,Chordata
Chinese sturgeon,Chordata
Siberian sturgeon,Chordata
Dabry's sturgeon,Chordata
Sterlet,Chordata
Russian sturgeon,Chordata
Chinese paddlefish,Chordata
Starry sturgeon,Chordata
Ship sturgeon,Chordata
Amur sturgeon,Chordata
Nile crocodile,Chordata
Saltwater crocodile,Chordata
Chinese giant salamander,Chordata
Eel,Chordata
Loach,Chordata
Asian swamp eel,Chordata
Yellow catfish,Chordata
Blackfish,Chordata
Pomfret,Chordata
Bream,Chordata
Tilapia,Chordata
Shad,Chordata
Chinese herring,Chordata
Yellow croaker,Chordata
Hairtail,Chordata
Badger,Chordata
Hog badger,Chordata
Yellow weasel,Chordata
Bamboo rat,Chordata
Chinese Zokor,Chordata
Muskrat,Chordata
Wild Yak,Chordata
Cattle,Chordata
Tibetan Sheep,Chordata
Tibetan Wild Ass,Chordata
Blue Sheep,Chordata
Ant,Arthropoda
Wild Camel,Chordata
Ostrich,Chordata
Emu,Chordata
Giant Freshwater Prawn,Arthropoda
Macrobrachium rosenbergii,Arthropoda
Exopalaemon modestus,Arthropoda
Macrobrachium nipponense,Arthropoda
Atyopsis spinipes,Arthropoda
Chinese mitten crab,Arthropoda
Ghost shrimp,Arthropoda
Neocaridina denticulata sinensis,Arthropoda
Serrated Hua Crab,Arthropoda
Hairy-footed Freshwater Crab,Arthropoda
Lynx,Chordata
Snow Leopard,Chordata
Snow Chicken,Chordata
Mule,Chordata
Field snail,Mollusca
Turret snail,Mollusca
Conch,Mollusca
Stone snail,Mollusca
Ear River Snail,Mollusca
Golden Apple Snail,Mollusca
Flat Snail,Mollusca
Disc Snail,Mollusca
Marsh Snail,Mollusca
Gray wolf,Chordata
Dhole,Chordata
Small Indian mongoose,Chordata
Coyote,Chordata
Tibetan fox,Chordata
Ussuri raccoon dog,Chordata
Luhua chicken,Chordata
Snow hare,Chordata
Plateau hare,Chordata
Blue peacock,Chordata
Sparrow,Chordata
Asian Blue Lobster,Arthropoda
European Blue Lobster,Arthropoda
Magpie,Chordata
African Warthog,Chordata
Red River Hog,Chordata
Bornean Bearded Pig,Chordata
Przewalski's Horse,Chordata
Asian Wild Elephant,Chordata
African Wild Elephant,Chordata
Spotted Dove,Chordata
European Turtle Dove,Chordata
Oriental Turtle Dove,Chordata
Eurasian Collared Dove,Chordata
Rat Snake,Chordata
Gayal,Chordata
Zebu,Chordata
Water Buffalo,Chordata
Shiqi pigeon,Chordata
Flying fox,Chordata
Fruit bat,Chordata
Reindeer,Chordata
Alpaca,Chordata
Muscovy Duck,Chordata
Mallard,Chordata
Mink,Chordata
Beaked Walnut,Angiosperms
Wild Walnut,Angiosperms
Small-fruited Walnut,Angiosperms
Hu Walnut,Angiosperms
Pao Walnut,Angiosperms
Wingnut Fruit,Angiosperms
Chinese Pistache Fruit,Angiosperms
Sumac,Angiosperms
Japanese Chestnut,Angiosperms
Chinquapin,Angiosperms
Chestnut,Angiosperms
Chinese Chestnut,Angiosperms
Acorn,Angiosperms
Andean Walnut,Angiosperms
Betel Nut,Angiosperms
Bitter Apricot Kernel,Angiosperms
Breadfruit,Angiosperms
Pecan,Angiosperms
Cashew,Angiosperms
Chestnut,Angiosperms
Hazelnut,Angiosperms
Chinese Chestnut,Angiosperms
American Walnut,Angiosperms
Ginkgo Nut,Angiosperms
Cola Nut,Angiosperms
Lotus Seed,Angiosperms
Euryale ferox,Angiosperms
Macadamia nut,Angiosperms
Macadamia nut,Angiosperms
Baobab nut,Angiosperms
Palm nut,Angiosperms
Peanut,Angiosperms
Pistachio,Angiosperms
Water caltrop,Angiosperms
Torreya,Angiosperms
Japanese Torreya,Angiosperms
Korean pine nut,Angiosperms
Huashan pine nuts,Angiosperms
Five-needle pine nuts,Angiosperms
Beauty pine nuts,Angiosperms
Golden larch nuts,Angiosperms
Pagoda pine nuts,Angiosperms
