name,class
Frangipani,Magnoliopsida
Hangzhou Chrysanthemum,Dicotyledons
Honeysuckle,Magnoliopsida
Coffea arabica,Magnoliopsida
Siraitia grosvenorii,Magnoliopsida
Paeonia lactiflora,Magnoliopsida
Kuding tea,Dicotyledons
Jiaogulan,Magnoliopsida
Mulberry,Magnoliopsida
Licorice,Magnoliopsida
Yellow Milk Tree,Magnoliopsida
Walnut,Magnoliopsida
Kiwi,Magnoliopsida
Fig,Magnoliopsida
Sea Buckthorn,Magnoliopsida
Jasmine,Magnoliopsida
Goji Berry,Magnoliopsida
Rosa Roxburghii,Dicotyledons
Roselle,Dicotyledons
Tamarind,Dicotyledons
Golden Camellia,Magnoliopsida
Rattan Tea,Dicotyledons
Perilla Leaf Tea,Dicotyledons
Schisandra Tea,Magnoliopsida
Wild Hawthorn Tea,Dicotyledons
Elderflower Tea,Dicotyledons
Dandelion Tea,Dicotyledons
Wild Rose Hip Tea,Dicotyledons
Blueberry Leaf Tea,Dicotyledons
Blackcurrant Leaf Tea,Dicotyledons
Bee pollen drink,Dicotyledons
Pine pollen drink,Pinopsida
Rapeseed pollen drink,Dicotyledons
Corn Pollen Beverage,Monocotyledon
Buckwheat Pollen Beverage,Dicotyledons
Sunflower Pollen Beverage,Dicotyledons
Tea Pollen Beverage,Dicotyledons
Rose pollen beverage,Dicotyledons
Chrysanthemum powder beverage,Dicotyledons
Lemon leaf tea,Dicotyledons
Stevia tea,Dicotyledons
Lemon balm tea,Dicotyledons
Guava Leaf Tea,Dicotyledons
Birch Sap,Dicotyledons
Bamboo Leaf Beverage,Monocotyledon
Olive,Dicotyledons
Cucumber Juice,Dicotyledons
Evening Primrose,Dicotyledons
Gourd Leaves,Dicotyledons
Pine Needle Tea,Pinopsida
Maple Sap,Dicotyledons
Eucommia tea,Dicotyledons
Basil tea,Dicotyledons
Toona sinensis leaves,Dicotyledons
Jujube leaves,Dicotyledons
Loranthus tea,Dicotyledons
Kudzu root,Dicotyledons
Coptis chinensis,Dicotyledons
Polygonum multiflorum,Dicotyledons
Mugwort,Dicotyledons
American Ginseng,Dicotyledons
Echinacea,Dicotyledons
Mate,Dicotyledons
Rhodiola,Dicotyledons
Dendrobium,Monocotyledon
Oroxylum,Dicotyledons
Anredera cordifolia,Dicotyledons
Dracaena leaf,Liliopsida
Moringa leaf,Dicotyledons
Cinchona,Dicotyledons
Baobab leaves,Dicotyledons
Tamarind leaves,Dicotyledons
Camphor leaf tea,Dicotyledons
Wild grape leaves,Dicotyledons
Cornus Tea,Dicotyledons
Wild Papaya Leaf,Dicotyledons
Carrot Juice,Dicotyledons
Ginger Juice,Monocotyledon
Tomato,Dicotyledons
Celery,Dicotyledons
Broccoli,Dicotyledons
Sugarcane,Monocotyledon
Bitter melon,Dicotyledons
Truffle tea,Pezizomycetes
Usnea tea,Lecanoromycetes
Prickly pear fruit,Dicotyledons
Wild cherry leaf tea,Dicotyledons
Wild strawberry leaf tea,Dicotyledons
Wild blackberry tea,Dicotyledons
Wild blueberry tea,Dicotyledons
Raspberry Leaf,Dicotyledons
Mulberry Leaf,Dicotyledons
Apple Juice,Dicotyledons
Pear Juice,Dicotyledons
Cranberry Juice,Dicotyledons
Loquat Juice,Dicotyledons
Peach juice,Dicotyledons
Plum juice,Dicotyledons
Pumpkin juice,Dicotyledons
Luffa juice,Dicotyledons
Watermelon juice,Dicotyledons
Winter melon juice,Dicotyledons
Chayote juice,Dicotyledons
Spiny gourd juice,Dicotyledons
Snake gourd juice,Dicotyledons
Cucumis melo juice,Dicotyledons
Cauliflower juice,Dicotyledons
Chinese kale juice,Dicotyledons
Chinese cabbage juice,Dicotyledons
Mustard green juice,Dicotyledons
Wasabi juice,Dicotyledons
Turnip Juice,Dicotyledons
Horseradish Juice,Dicotyledons
Burdock Tea,Dicotyledons
Jerusalem Artichoke Tea,Dicotyledons
Crown Daisy Tea,Dicotyledons
Chamomile Tea,Dicotyledons
Cabbage Juice,Dicotyledons
Chili Pepper Juice,Dicotyledons
Physalis Juice,Dicotyledons
Bitter Melon Juice,Dicotyledons
Potato Juice,Dicotyledons
Coriander juice,Dicotyledons
Fennel juice,Dicotyledons
Dill juice,Dicotyledons
Cumin juice,Dicotyledons
Coriander juice,Dicotyledons
Parsnip Juice,Dicotyledons
Gentian,Dicotyledons
Lysimachia,Dicotyledons
Lithospermum,Dicotyledons
Gelsemium,Dicotyledons
Yunnan Lithospermum,Dicotyledons
Hedyotis diffusa,Dicotyledons
Yunnan Gentian,Dicotyledons
Caraway Juice,Dicotyledons
Physalis,Dicotyledons
Orange Juice,Dicotyledons
Wild Potato,Dicotyledons
Wild Rice,Monocotyledon
Wild Wheat,Monocotyledon
Wild Soybean,Dicotyledons
Wild Oats,Monocotyledon
Rosa Roxburghii,Dicotyledons
Hazelnut,Dicotyledons
Wild Blueberries,Dicotyledons
Fern,Filicopsida
"Forest mushroom (e.g., Boletus)",Basidiomycetes
Wild jujube,Dicotyledons
Pecan,Dicotyledons
Wild yam,Monocotyledon
Chestnut,Dicotyledons
White Mushroom,Basidiomycetes
Mulberry,Dicotyledons
Wild Sichuan Pepper,Dicotyledons
Yam Bean,Monocotyledon
Pine Nut,Dicotyledons
Wild Asparagus,Monocotyledon
Wild Longan,Dicotyledons
Wood Ear Mushroom,Basidiomycetes
Wild Daylily,Dicotyledons
Strawberry,Dicotyledons
Wild Papaya,Dicotyledons
Fig,Dicotyledons
Matsutake,Basidiomycetes
Chestnut,Dicotyledons
Konjac,Monocotyledon
Kudzu root,Dicotyledons
Lily,Monocotyledon
Lotus root,Dicotyledons
Solomon's Seal,Dicotyledons
Quinoa,Dicotyledons
Wild Pea,Dicotyledons
Angelica,Dicotyledons
Wild Garlic,Monocotyledon
Wild Chives,Monocotyledon
Wild Buckwheat,Dicotyledons
Wild Arrowhead,Monocotyledon
Thyme,Magnoliopsida
White Cardamom,Magnoliopsida
Kaempferia galanga,Monocotyledon
Lemongrass,Magnoliopsida
Clove,Dicotyledons
Cynomorium,Magnoliopsida
Angelica sinensis,Magnoliopsida
Terminalia chebula,Dicotyledons
Cumin,Magnoliopsida
Ligusticum,Dicotyledons
Piper longum,Magnoliopsida
Gardenia jasminoides,Dicotyledons
Amomum tsao-ko,Magnoliopsida
Eucalyptus globulus,Dicotyledons
Longan,Magnoliopsida
Astragalus,Magnoliopsida
Peach,Magnoliopsida
Olive,Dicotyledons
Amomum,Magnoliopsida
Magnolia,Dicotyledons
Angelica,Dicotyledons
Sesame,Magnoliopsida
Ginkgo nut,Pinopsida
Caraway,Magnoliopsida
Mugwort leaf,Dicotyledons
Jujube,Magnoliopsida
Galangal,Liliopsida
Gecko,Reptilia
Nutmeg,Dicotyledons
Bitter Orange,Dicotyledons
Betel Nut,Magnoliopsida
Homalomena,Monocotyledon
Pogostemon,Magnoliopsida
Galangal,Dicotyledons
Polygonum multiflorum,Magnoliopsida
Lotus seed,Dicotyledons
Alpinia oxyphylla,Monocotyledon
Changbai Mountain Immortality Grass,Magnoliopsida
Vladimiria souliei,Magnoliopsida
Hawthorn,Magnoliopsida
Ganoderma,Basidiomycetes
Prunus japonica,Dicotyledons
Papaya,Magnoliopsida
Gastrodia elata,Magnoliopsida
Polygonatum odoratum,Magnoliopsida
Adenophora stricta,Magnoliopsida
Sichuan pepper,Dicotyledons
Eupatorium,Magnoliopsida
Ophiopogon,Monocotyledon
Centipede vine,Magnoliopsida
Dahongpao,Dicotyledons
Lingxiangcao,Magnoliopsida
Fenugreek,Dicotyledons
Huajuhong,Dicotyledons
Rehmannia,Dicotyledons
Lithospermum,Magnoliopsida
Chili Pepper,Magnoliopsida
Schizonepeta,Magnoliopsida
Clausena excavata,Magnoliopsida
Acanthopanax gracilistylus,Dicotyledons
Saussurea costus,Magnoliopsida
Moutan Cortex,Dicotyledons
Chenpi,Dicotyledons
Gansong,Magnoliopsida
Xixin,Magnoliopsida
Buguzhi,Magnoliopsida
Sandalwood,Magnoliopsida
Anemarrhena,Magnoliopsida
Clematis,Magnoliopsida
Belamcanda,Magnoliopsida
Sophora,Magnoliopsida
Fritillaria,Magnoliopsida
Huai Shan,Monocotyledon
Panax notoginseng,Magnoliopsida
Dendrobium,Magnoliopsida
Inca Radish,Magnoliopsida
Raspberry,Magnoliopsida
Tougucao,Magnoliopsida
Xiangfuzi,Magnoliopsida
Perilla,Magnoliopsida
Dill,Magnoliopsida
Hops,Magnoliopsida
Mustard,Magnoliopsida
Saffron,Magnoliopsida
Rosemary,Magnoliopsida
Sage,Magnoliopsida
Tarragon,Magnoliopsida
Basil,Magnoliopsida
Oregano,Magnoliopsida
Allspice,Magnoliopsida
Tamarind,Magnoliopsida
Lavender,Magnoliopsida
Parsley,Magnoliopsida
Chives,Magnoliopsida
Wasabi japonica,Magnoliopsida
Dipsacus,Dicotyledons
Lily,Magnoliopsida
Asparagus cochinchinensis,Monocotyledon
Saposhnikovia divaricata,Magnoliopsida
Polygala,Magnoliopsida
Houttuynia cordata,Magnoliopsida
Ligustrum,Magnoliopsida
Agastache,Magnoliopsida
Corydalis,Magnoliopsida
Rose,Magnoliopsida
Dalbergia odorifera,Magnoliopsida
Albizia,Magnoliopsida
Isatis,Dicotyledons
White Hyacinth Bean,Dicotyledons
Salvia Miltiorrhiza,Magnoliopsida
Ginseng Flower,Dicotyledons
Storax,Magnoliopsida
Wintersweet,Magnoliopsida
Sour jujube,Magnoliopsida
Cassia seed,Dicotyledons
Stemona,Magnoliopsida
Codonopsis,Magnoliopsida
Scrophularia,Dicotyledons
Osmanthus Branch,Dicotyledons
Burdock,Dicotyledons
Borneol Camphor,Dicotyledons
Alisma,Magnoliopsida
Xanthium,Magnoliopsida
White Peony,Dicotyledons
Star Anise,Magnoliopsida
Camphor Tree,Magnoliopsida
Cinnamon,Magnoliopsida
Ginger,Magnoliopsida
Calamus,Magnoliopsida
Bay Laurel,Magnoliopsida
Magnolia,Magnoliopsida
Schisandra,Magnoliopsida
Chrysanthemum,Magnoliopsida
Osmanthus,Dicotyledons
Honeysuckle,Dicotyledons
Sichuan Pepper,Magnoliopsida
Lemon,Magnoliopsida
Orange,Magnoliopsida
Almond,Dicotyledons
Pepper,Magnoliopsida
Fennel,Magnoliopsida
Rosin,Pinopsida
Cedar,Pinopsida
Cypress,Pinopsida
Peppermint,Magnoliopsida
Ylang-Ylang,Magnoliopsida
Agarwood,Dicotyledons
Vetiver,Magnoliopsida
Spruce,Pinopsida
Natural Beeswax,Insecta
Black Hornet Venom,Insecta
Common Wasp Venom,Insecta
Red Fire Ant Venom,Insecta
Stingless Bee Royal Jelly,Insecta
Mexican Bee Royal Jelly,Insecta
Bumblebee Royal Jelly,Insecta
Patagonian Stingless Bee Royal Jelly,Insecta
Small Stingless Bee Royal Jelly,Insecta
Pine Pollen,Pinopsida
Jujube Pollen,Dicotyledons
Corn Pollen,Monocotyledon
Rapeseed Pollen,Dicotyledons
Sophora Pollen,Dicotyledons
Goji Berry Pollen,Dicotyledons
Jasmine Pollen,Dicotyledons
Buckwheat pollen,Dicotyledons
Citrus pollen,Dicotyledons
Clove pollen,Dicotyledons
Cedar pollen,Pinopsida
Cotton pollen,Dicotyledons
Apple Pollen,Dicotyledons
Blueberry Pollen,Dicotyledons
Rose Pollen,Dicotyledons
Hazelnut Pollen,Dicotyledons
Rhododendron Pollen,Dicotyledons
Betel Nut Pollen,Monocotyledon
Chrysanthemum pollen,Dicotyledons
Milk vetch pollen,Dicotyledons
Dandelion pollen,Dicotyledons
Lily pollen,Monocotyledon
Burdock pollen,Dicotyledons
Sunflower pollen,Dicotyledons
Peach Blossom Powder,Dicotyledons
Persimmon Blossom Powder,Dicotyledons
Wisteria Blossom Powder,Dicotyledons
Osmanthus Blossom Powder,Dicotyledons
Lychee Blossom Powder,Dicotyledons
Pear Pollen,Dicotyledons
Longan Pollen,Dicotyledons
Apricot Pollen,Dicotyledons
Perilla Pollen,Dicotyledons
Mint Pollen,Dicotyledons
Kuding Tea Pollen,Dicotyledons
Vitex Honey,Insecta
Hairy Huckleberry,Magnoliopsida
Kumquat,Dicotyledons
Raspberry,Magnoliopsida
Taiwan Crabapple,Magnoliopsida
Three-leaf Crabapple,Magnoliopsida
Bean Pear,Magnoliopsida
Hubei Begonia,Magnoliopsida
Wild Banana,Magnoliopsida
Polygonum chinense,Magnoliopsida
Melastoma dodecandrum,Magnoliopsida
Green-leaf Schisandra,Dicotyledons
Leopard,Magnoliopsida
Thick-stemmed Bird Cherry,Dicotyledons
Hairy Grape,Dicotyledons
Myrtle,Dicotyledons
Black Tiger,Dicotyledons
Palm-leaf Raspberry,Dicotyledons
Rubus adenophorus,Magnoliopsida
Myrica rubra,Dicotyledons
Cleyera japonica,Dicotyledons
Cleyera grandiflora,Dicotyledons
Diospyros glaucifolia,Dicotyledons
Actinidia eriantha,Dicotyledons
Actinidia callosa var. discolor,Dicotyledons
Actinidia callosa var. henryi,Dicotyledons
Actinidia fulvicoma,Dicotyledons
Actinidia latifolia,Dicotyledons
Actinidia melliana,Dicotyledons
Vaccinium bracteatum,Dicotyledons
Premna microphylla,Dicotyledons
Viburnum fordiae,Dicotyledons
Viburnum luzonicum,Dicotyledons
Viburnum ichangense,Dicotyledons
Calamus thysanolepis,Magnoliopsida
Vitis davidii,Dicotyledons
Berchemia floribunda,Dicotyledons
Cudrania tricuspidata,Dicotyledons
Diospyros kaki var. sylvestris,Dicotyledons
Diospyros oleifera,Dicotyledons
Embelia ribes,Dicotyledons
Embelia scandens,Dicotyledons
Fissistigma oldhamii,Dicotyledons
Cornus elliptica,Dicotyledons
Rubus alceifolius,Dicotyledons
Ficus heteromorpha,Dicotyledons
Morus australis,Dicotyledons
Rubus rosifolius,Dicotyledons
Red Nanmu,Dicotyledons
Multiflowered Garcinia,Dicotyledons
Taiwan Loquat,Dicotyledons
Heavenly Fruit,Dicotyledons
Brown-haired Elaeocarpus,Dicotyledons
Japanese May Tea,Dicotyledons
Southern Schisandra,Dicotyledons
Tail-leaf Akebia,Dicotyledons
Cowfruit Vine,Dicotyledons
White Akebia,Dicotyledons
Eagle Claw Maple,Dicotyledons
Yunnan Olive,Dicotyledons
Plum,Dicotyledons
Doi,Dicotyledons
Pyracantha,Dicotyledons
Emergency Ration,Dicotyledons
Cherry,Dicotyledons
Pecan,Dicotyledons
Acorn,Dicotyledons
Wild Apple,Dicotyledons
Wild Pear,Dicotyledons
Jingli,Dicotyledons
Raspberry,Dicotyledons
Blackberry,Dicotyledons
Aronia Berry,Dicotyledons
Oleander Berry,Dicotyledons
Red Berry,Dicotyledons
Azalea Fruit,Dicotyledons
Bilberry,Dicotyledons
Red Raspberry,Dicotyledons
Lychee Fruit,Dicotyledons
Avocado Fruit,Dicotyledons
Grapefruit,Dicotyledons
Raspberry,Dicotyledons
Wild Cherry,Dicotyledons
Holly Berry,Dicotyledons
Persimmon,Dicotyledons
Cranberry,Dicotyledons
Hawthorn,Dicotyledons
Crabapple,Dicotyledons
Jujube,Dicotyledons
Wild Pear,Dicotyledons
Wild Blueberries,Dicotyledons
Bilberry,Dicotyledons
Goji Berry,Dicotyledons
Dogtooth fruit,Dicotyledons
Clematis fruit,Dicotyledons
Pomelo,Dicotyledons
Wild walnut,Dicotyledons
Crabapple berry,Dicotyledons
Tea raspberry,Dicotyledons
Alpine Berry,Dicotyledons
Purple Grape,Dicotyledons
Vine Berry,Dicotyledons
Wild Blackberry,Dicotyledons
Mountain Pear,Dicotyledons
Nectarine,Dicotyledons
Hazelnut,Dicotyledons
Black Goji Berry,Dicotyledons
Wild apricot,Dicotyledons
Sea Buckthorn,Dicotyledons
Lotus fruit,Dicotyledons
Red mulberry,Dicotyledons
Purple apricot,Dicotyledons
Green jujube,Dicotyledons
Sweet orange,Dicotyledons
Wild Olive,Dicotyledons
Golden Bell Fruit,Dicotyledons
Fig,Dicotyledons
Wax Apple,Dicotyledons
Star Apple,Dicotyledons
Cape Gooseberry,Dicotyledons
Bergamot,Dicotyledons
Jaboticaba,Dicotyledons
Roselle fruit,Dicotyledons
Chaploo fruit,Dicotyledons
Tree tomato,Dicotyledons
Mangosteen,Dicotyledons
Passion fruit,Dicotyledons
Noni,Dicotyledons
Pawpaw,Dicotyledons
Rambutan,Dicotyledons
Cephalotaxus,Pinopsida
Ginkgo,Pinopsida
Dendrobium,Magnoliopsida
Gastrodia elata,Magnoliopsida
Paris polyphylla,Magnoliopsida
Bothrocaryum controversum,Magnoliopsida
Erigeron breviscapus,Dicotyledons
Fibraurea tinctoria,Magnoliopsida
Coptis chinensis,Magnoliopsida
Poria cocos,Agaricomycetes
Pinellia ternata,Magnoliopsida
Podophyllum,Magnoliopsida
Agarwood,Magnoliopsida
Betel Nut,Magnoliopsida
Terminalia chebula,Magnoliopsida
Fritillaria,Magnoliopsida
Lily,Magnoliopsida
Eucommia,Magnoliopsida
Phellodendron,Pinopsida
Cibotium,Equisetopsida
Magnolia officinalis,Magnoliopsida
Cinnamon,Magnoliopsida
Nutmeg,Magnoliopsida
Homalomena,Monocotyledon
Houttuynia cordata,Magnoliopsida
Pine Needle,Ginkgoopsida
Rhubarb,Magnoliopsida
Chinese Holly,Magnoliopsida
Phellodendron,Dicotyledons
Platycladus orientalis leaves,Pinopsida
Ilex chinensis,Dicotyledons
Angelica sinensis,Dicotyledons
Scrophularia,Magnoliopsida
Cocculus orbiculatus,Magnoliopsida
Dysosma versipellis,Magnoliopsida
Xixin,Dicotyledons
Saposhnikovia divaricata,Dicotyledons
Atractylodes macrocephala,Magnoliopsida
Dioscorea nipponica,Monocotyledon
Stephania tetrandra,Dicotyledons
Cimicifuga,Magnoliopsida
Allium macrostemon,Magnoliopsida
Honey-fried Licorice,Dicotyledons
Gansui,Magnoliopsida
Golden Buckwheat,Magnoliopsida
Three-leaf Akebia,Dicotyledons
Arisaema,Magnoliopsida
Fresh Rehmannia,Dicotyledons
Changium smyrnioides,Dicotyledons
Spatholobus suberectus,Dicotyledons
Erycibe obtusifolia,Dicotyledons
Polygonum multiflorum,Magnoliopsida
Honeysuckle Vine,Dicotyledons
Thunder God Vine,Magnoliopsida
Sea Wind Vine,Dicotyledons
Stone South Vine,Magnoliopsida
Guan Mu Tong,Dicotyledons
Big Blood Vine,Magnoliopsida
Juncus effusus,Magnoliopsida
Picrasma,Magnoliopsida
Tetrapanax papyrifer,Dicotyledons
Illicium difengpi,Dicotyledons
Loranthus,Dicotyledons
Yellow Vine,Magnoliopsida
Mulberry Twig,Dicotyledons
Winged Euonymus,Dicotyledons
Elderberry,Magnoliopsida
Uncaria,Magnoliopsida
Aristolochia,Magnoliopsida
Gleditsia spine,Dicotyledons
Dalbergia,Magnoliopsida
Cinnamomum cassia,Dicotyledons
Agarwood,Dicotyledons
Magnolia officinalis,Dicotyledons
Clausena excavata,Magnoliopsida
Mint,Magnoliopsida
Ailanthus bark,Dicotyledons
Turpinia,Magnoliopsida
Epimedium,Magnoliopsida
Evodia Leaf,Magnoliopsida
Chinaberry Bark,Dicotyledons
Hibiscus Bark,Dicotyledons
Acanthopanax gracilistylus,Angiospermae
Dictamnus Root Bark,Dicotyledons
Cynanchum bungei,Magnoliopsida
Kuding tea,Dicotyledons
Apocynum venetum,Magnoliopsida
Microcos paniculata,Dicotyledons
Microcos paniculata,Magnoliopsida
Blumea balsamifera,Dicotyledons
Coriander,Magnoliopsida
Solanum lyratum,Magnoliopsida
Solanum nigrum,Magnoliopsida
Scutellaria barbata,Magnoliopsida
Viola philippica,Magnoliopsida
Dianthus superbus,Magnoliopsida
Artemisia capillaris,Magnoliopsida
Sarcandra glabra,Magnoliopsida
Selaginella,Lycopodiopsida
Artemisia annua,Magnoliopsida
Artemisia japonica,Magnoliopsida
Centella asiatica,Magnoliopsida
Gerbera,Magnoliopsida
Water Celery,Magnoliopsida
Horsetail,Equisetopsida
Tianxianglu,Magnoliopsida
Lurongcao,Magnoliopsida
Xiangru,Magnoliopsida
Longshecao,Magnoliopsida
Lophatherum gracile,Magnoliopsida
Lygodium japonicum,Polypodiopsida
Cynanchum paniculatum,Magnoliopsida
Lycopodium clavatum,Lycopodiopsida
Silybum marianum,Magnoliopsida
Eupatorium,Magnoliopsida
Old Man's Beard,Magnoliopsida
Pogostemon cablin,Magnoliopsida
Thlaspi arvense,Magnoliopsida
Potentilla chinensis,Magnoliopsida
Earth Pea,Magnoliopsida
Mesona,Magnoliopsida
Physalis,Magnoliopsida
Horsetail,Equisetopsida
Elephantopus,Magnoliopsida
Euphorbia helioscopia,Magnoliopsida
Polygonum hydropiper,Magnoliopsida
Lygodium japonicum,Equisetopsida
Shiraia bambusicola,Ascomycetes
Morel,Pezizomycetes
Gallnut,Magnoliopsida
Thunderball,Agaricomycetes
Kelp,Phaeophyceae
Yunzhi,Agaricomycetes
Cordyceps sinensis,Sordariomycetes
Ganoderma sinense,Agaricomycetes
Quisqualis indica,Magnoliopsida
Plantain Seed,Magnoliopsida
Torreya Seed,Pinopsida
Oil Palm,Magnoliopsida
Pine Nut,Pinopsida
Flax,Magnoliopsida
Sunflower,Magnoliopsida
Soybean,Magnoliopsida
Coconut,Magnoliopsida
Safflower,Magnoliopsida
Tea tree,Magnoliopsida
Green-flowered mountain celery,Magnoliopsida
Tiger hazelnut,Magnoliopsida
Black Walnut,Magnoliopsida
Torreya,Coniferopsida
Red Maple,Magnoliopsida
Neem,Magnoliopsida
Camellia,Magnoliopsida
Chives,Magnoliopsida
Alfalfa,Magnoliopsida
Vanilla,Monocotyledon
Bitter Buckwheat,Magnoliopsida
Zelkova,Magnoliopsida
White wax tree,Magnoliopsida
Cleome,Magnoliopsida
Syringa vulgaris,Magnoliopsida
Ulmus pumila,Magnoliopsida
Hazelnut,Magnoliopsida
Pecan,Magnoliopsida
Peanut,Magnoliopsida
Camellia oleifera,Magnoliopsida
Cornus officinalis,Magnoliopsida
Xanthoceras sorbifolium,Magnoliopsida
Prunus pedunculata,Magnoliopsida
Acer truncatum,Magnoliopsida
Idesia polycarpa,Magnoliopsida
Plukenetia volubilis,Magnoliopsida
Elaeagnus mollis oil,Magnoliopsida
Xikang Almond,Magnoliopsida
Desert Nut,Magnoliopsida
Almond,Magnoliopsida
Sweet Almond,Magnoliopsida
Hairy-leaf Idesia,Magnoliopsida
Butterfly Fruit,Magnoliopsida
Sacha Inchi,Magnoliopsida
Cocoa,Magnoliopsida
Coptis,Magnoliopsida
Moringa,Magnoliopsida
Sea buckthorn,Magnoliopsida
Tung tree,Magnoliopsida
Oil Peony,Magnoliopsida
Tallow Tree,Magnoliopsida
Qingci Fruit,Magnoliopsida
Jatropha,Magnoliopsida
Duchesnea,Magnoliopsida
Sesame,Magnoliopsida
Garcinia oblongifolia,Magnoliopsida
Garcinia xanthochymus,Magnoliopsida
Pea,Magnoliopsida
Huatan Pear,Magnoliopsida
Swamp Oak,Magnoliopsida
Rose,Magnoliopsida
Hardcore (original variety),Magnoliopsida
Thlaspi arvense,Magnoliopsida
Ginger,Monocotyledon
Red Ginger,Monocotyledon
Manilkara,Magnoliopsida
Silver Wormwood,Magnoliopsida
Large-flowered Wormwood,Magnoliopsida
Brassica rapa,Magnoliopsida
Oil mustard,Magnoliopsida
Oil cabbage,Magnoliopsida
Avocado,Magnoliopsida
Calophyllum,Magnoliopsida
Canarium bengalense,Magnoliopsida
Canarium strictum,Magnoliopsida
Pecan,Magnoliopsida
Vietnamese Hickory,Magnoliopsida
Nanking Cherry,Magnoliopsida
Butterfly Fruit,Magnoliopsida
Winter squash,Magnoliopsida
Cymbopogon flexuosus,Monocotyledon
Lemongrass,Monocotyledon
Spondias dulcis,Magnoliopsida
Rusty-haired Shuttle Fruit,Magnoliopsida
Cloud Tree,Magnoliopsida
Fragrant Leaf Tree,Magnoliopsida
Fragrant Litsea,Magnoliopsida
Sichuan Litsea,Magnoliopsida
Litsea,Magnoliopsida
Lycopsis arvensis,Magnoliopsida
Malania oleifera,Magnoliopsida
Manilkara zapota,Magnoliopsida
Mucuna birdwoodiana,Magnoliopsida
Mucuna sempervirens,Magnoliopsida
Oenothera glazioviana,Magnoliopsida
Olea yunnanensis,Magnoliopsida
Tiger hazelnut,Magnoliopsida
Passiflora,Magnoliopsida
Rosa davurica var. glabra,Magnoliopsida
Castor bean,Magnoliopsida
Perilla,Magnoliopsida
Cyperus esculentus,Magnoliopsida
Cotton,Magnoliopsida
Flax,Magnoliopsida
Hemp,Magnoliopsida
Tomato,Magnoliopsida
Spinach,Magnoliopsida
Lettuce,Magnoliopsida
Cucumber,Magnoliopsida
Green pepper,Magnoliopsida
Onion,Monocotyledon
Eggplant,Magnoliopsida
Radish,Magnoliopsida
Green beans,Magnoliopsida
Lettuce,Magnoliopsida
Taro,Monocotyledon
Green Beans,Magnoliopsida
Scallion,Monocotyledon
Bamboo Shoots,Monocotyledon
Purple Cabbage,Magnoliopsida
Cauliflower,Magnoliopsida
Beet,Magnoliopsida
Zucchini,Magnoliopsida
Green beans,Magnoliopsida
Sweet potato,Magnoliopsida
Okra,Magnoliopsida
Asparagus,Monocotyledon
Choy Sum,Magnoliopsida
Water Spinach,Magnoliopsida
Garland Chrysanthemum,Magnoliopsida
Aloe Vera,Monocotyledon
You Mai Cai,Magnoliopsida
Green radish,Magnoliopsida
Shepherd's purse,Magnoliopsida
Chives,Monocotyledon
White radish,Magnoliopsida
Taro,Monocotyledon
Wood ear vegetable,Magnoliopsida
Green garlic,Monocotyledon
Horn pepper,Magnoliopsida
Arrowhead,Monocotyledon
Purslane,Magnoliopsida
Yellow Chives,Monocotyledon
Red Chili Pepper,Magnoliopsida
Red Amaranth,Magnoliopsida
Water Celery,Magnoliopsida
Bitter Chrysanthemum,Magnoliopsida
Asparagus,Monocotyledon
Tremella fuciformis,Tremellomycetes
Sweet potato,Magnoliopsida
Potherb mustard,Magnoliopsida
Pepper,Magnoliopsida
Chicory,Magnoliopsida
Sweet Potato,Magnoliopsida
Kelp,Phaeophyceae
Lettuce,Magnoliopsida
Watercress,Magnoliopsida
Sweet Potato Leaves,Magnoliopsida
Enoki Mushroom,Agaricomycetes
Shallot,Monocotyledon
Kohlrabi,Magnoliopsida
Jerusalem artichoke,Magnoliopsida
Beet,Magnoliopsida
Kalimeris indica,Magnoliopsida
Water spinach,Magnoliopsida
Wood Ear Mushroom,Tremellomycetes
Yam,Monocotyledon
Lettuce,Magnoliopsida
Garlic,Monocotyledon
Potato,Magnoliopsida
Lotus Root,Magnoliopsida
Onion,Monocotyledon
Asparagus,Monocotyledon
Chives,Monocotyledon
Shiitake mushroom,Agaricomycetes
Bitter Chrysanthemum,Magnoliopsida
Cherry radish,Magnoliopsida
Mung bean sprouts,Magnoliopsida
Water chestnut,Monocotyledon
Artichoke,Magnoliopsida
Brussels sprouts,Magnoliopsida
Amaranth,Magnoliopsida
Zucchini,Magnoliopsida
Lettuce,Magnoliopsida
Edamame,Magnoliopsida
Water Spinach,Magnoliopsida
Water shield,Magnoliopsida
Water Celery,Magnoliopsida
Sweet Corn,Monocotyledon
Water chestnut,Monocotyledon
Bottle Gourd,Magnoliopsida
Mustard Greens,Magnoliopsida
Yam,Monocotyledon
Artemisia selengensis,Magnoliopsida
Bracken fern,Polypodiopsida
Goji leaves,Magnoliopsida
Snow pea,Magnoliopsida
Peanut,Magnoliopsida
Lentil,Magnoliopsida
Broad Bean,Magnoliopsida
Soybean,Magnoliopsida
Edamame,Magnoliopsida
Cowpea,Magnoliopsida
Sweet potato,Magnoliopsida
Catechu,Magnoliopsida
Tea Maple,Magnoliopsida
Antidesma montanum,Magnoliopsida
Camellia ptilophylla,Magnoliopsida
Apocynum venetum,Magnoliopsida
Stephania tetrandra,Magnoliopsida
Bai Liang Jin,Magnoliopsida
Bei Ma Dou Ling,Magnoliopsida
Ying Zhao Hua,Magnoliopsida
Artemisia anomala,Magnoliopsida
Vietnamese Berchemia,Magnoliopsida
Axillary Hair Berchemia,Magnoliopsida
Short-fruited Berchemia,Magnoliopsida
Yellow-backed Berchemia,Magnoliopsida
Multiflorous Berchemia,Magnoliopsida
Oblong-leaved Berchemia,Magnoliopsida
Taiwan Gouercha,Magnoliopsida
Big Fruit Gouercha,Magnoliopsida
Gouercha,Magnoliopsida
Kuling Gouercha,Magnoliopsida
Yunnan Gouercha,Magnoliopsida
Whorled-leaf Gesneria,Magnoliopsida
Twin-gland Begonia,Magnoliopsida
Duckfoot Tea,Magnoliopsida
Black-faced God,Magnoliopsida
Calycopteris,Magnoliopsida
Middle East Golden Camellia,Magnoliopsida
Sharp-calyx Tumor-fruit Tea,Magnoliopsida
Camellia acuticalyx,Magnoliopsida
Camellia granthamiana,Magnoliopsida
Camellia albosericea,Magnoliopsida
Camellia albopilosa,Magnoliopsida
Camellia amplexicaulis,Magnoliopsida
Camellia arborescens,Magnoliopsida
Pu'er Tea,Magnoliopsida
Duo Mai Pu'er Tea,Magnoliopsida
Bitter Tea,Magnoliopsida
Large Calyx Camellia,Magnoliopsida
Hong Kong Camellia,Magnoliopsida
Old Black Tea,Magnoliopsida
Straight Vein Tumor Fruit Tea,Magnoliopsida
Five-Chamber Golden Flower Tea,Magnoliopsida
Bailingshan Red Camellia,Magnoliopsida
Bamboo Leaf Red Camellia,Magnoliopsida
Dianbei Red Camellia,Magnoliopsida
Short Stamen Tea,Magnoliopsida
Short Stamen Red Camellia,Magnoliopsida
Short Axis Red Camellia,Magnoliopsida
Short Stalk Red Camellia,Magnoliopsida
Short Column Tea,Magnoliopsida
Buxus Leaf Camellia,Magnoliopsida
Beautiful Tooth Camellia,Magnoliopsida
Bell Calyx Camellia,Magnoliopsida
White Hair Camellia,Magnoliopsida
Long-tailed Hair Camellia,Magnoliopsida
False Bighead Camellia,Magnoliopsida
Zhejiang Red Camellia,Magnoliopsida
Thin-leaf Golden Flower Camellia,Magnoliopsida
Chongqing Camellia,Magnoliopsida
Chen's Red Camellia,Magnoliopsida
Flat-fruited Red Camellia,Magnoliopsida
Small-fruited Short-column Tea,Magnoliopsida
Combined-column Rough-fruited Tea,Magnoliopsida
Heart-leaved Hairy-stamen Tea,Magnoliopsida
Ribbed Tea,Magnoliopsida
Guizhou United-stamen Tea,Magnoliopsida
Red-skinned Rough-fruited Tea,Magnoliopsida
Thick-axle Tea,Magnoliopsida
Camellia crassipes,Magnoliopsida
Camellia crassipetala,Magnoliopsida
Camellia crassifolia,Magnoliopsida
Camellia cupiformis,Magnoliopsida
Camellia crispula,Magnoliopsida
Camellia cryptoneura,Magnoliopsida
Camellia cuspidata,Magnoliopsida
Camellia cuspidata var. chekiangensis,Magnoliopsida
Camellia cuspidata var. grandiflora,Magnoliopsida
Danzhai Bald Tea,Magnoliopsida
Dehong Tea,Magnoliopsida
Bald-stemmed Camellia,Magnoliopsida
Toothless Hairy Camellia,Magnoliopsida
Sharp-calyx Red Camellia,Magnoliopsida
Fangcheng Tea,Magnoliopsida
Rough-fruited Tea,Magnoliopsida
Gaozhou Oil Tea,Magnoliopsida
Bald Tea,Magnoliopsida
Camellia grandibracteata,Magnoliopsida
Camellia gymnogyna,Magnoliopsida
Camellia glaberrima,Magnoliopsida
Camellia kwangsiensis,Magnoliopsida
Camellia kwangsiensis,Magnoliopsida
Camellia oleifera var. angustifolia,Magnoliopsida
Camellia membranacea,Magnoliopsida
Camellia diffusa,Magnoliopsida
Camellia luteoflora,Magnoliopsida
Camellia makuanica,Magnoliopsida
Camellia multisepala,Magnoliopsida
Camellia nanchuanica,Magnoliopsida
Camellia chrysantha,Magnoliopsida
Camellia oleifera,Magnoliopsida
Camellia tenuicalyx,Magnoliopsida
Camellia pentastyla,Magnoliopsida
Camellia purpurea,Magnoliopsida
Camellia remotiserrata,Magnoliopsida
Camellia reticulata,Magnoliopsida
Camellia rhytidocarpa,Magnoliopsida
Yuanji Tea,Magnoliopsida
Camellia,Magnoliopsida
Nanshan Tea,Magnoliopsida
Dachang Tea,Magnoliopsida
Dali Tea,Magnoliopsida
Liuguo Tea,Magnoliopsida
Rongjiang Tea,Magnoliopsida
Wuzhu Yunnan Tea,Magnoliopsida
Yuanjiang Short-stamen Tea,Magnoliopsida
Wood-fruit Red Camellia,Magnoliopsida
Yellow-flowered Short-stamen Camellia,Magnoliopsida
Wenshan Hair-stamen Camellia,Magnoliopsida
Dian-Myanmar Separated-stamen Camellia,Magnoliopsida
Green-calyx United-stamen Camellia,Magnoliopsida
Long-haired Red Camellia,Magnoliopsida
Vietnamese Oil Camellia,Magnoliopsida
Monomer Red Camellia,Magnoliopsida
Dongxing Golden Camellia,Magnoliopsida
Dong'an Red Camellia,Magnoliopsida
Thin-calyx United-stamen Camellia,Magnoliopsida
Camellia tsingpienensis,Magnoliopsida
Camellia yunnanensis,Magnoliopsida
Camellia truncata,Magnoliopsida
Camellia costata,Magnoliopsida
Camellia pubisepala,Magnoliopsida
Camellia pubicosta,Magnoliopsida
Camellia trichocarpa,Magnoliopsida
Camellia pubituba,Magnoliopsida
Camellia triflora,Magnoliopsida
Camellia nantoensis,Magnoliopsida
Alishan Camellia,Magnoliopsida
Thin-shelled Red Camellia,Magnoliopsida
Dayao Short-styled Camellia,Magnoliopsida
Simao Short-stamened Camellia,Magnoliopsida
Semi-persistent Calyx Camellia,Magnoliopsida
Entire-margined Red Camellia,Magnoliopsida
Semi-bald Camellia,Magnoliopsida
Long-tipped Camellia,Magnoliopsida
Five-chambered Camellia,Magnoliopsida
Spotted-branch Red Camellia,Magnoliopsida
Shaanxi Short-styled Camellia,Magnoliopsida
Coarse-haired Red Camellia,Magnoliopsida
Seven-petaled Thea,Magnoliopsida
Nujiang Red Camellia,Magnoliopsida
Silkworm Pupa,Insecta
Scorpion,Arachnida
Oriental migratory locust,Insecta
Cicada,Insecta
Meimuna opalifera,Insecta
Cicada,Insecta
Bamboo Worm,Insecta
Diving Beetle,Insecta
Fighting Cricket,Insecta
Stink bug,Insecta
Giant water bug,Insecta
Longhorn beetle larva,Insecta
Dragonfly larva,Insecta
Bean moth larva,Insecta
Chinese rice grasshopper,Insecta
Mole cricket,Insecta
Woodworm,Insecta
Bee pupa,Insecta
Palm weevil,Insecta
Chinese forest frog,Amphibia
Bullfrog,Amphibia
Stone frog,Amphibia
Tiger-striped frog,Amphibia
Black-spotted pond frog,Amphibia
Golden-lined frog,Amphibia
Marsh frog,Amphibia
Emei tree frog,Amphibia
Carp,Osteichthyes
Silver carp,Osteichthyes
Bighead carp,Osteichthyes
Japanese sea bass,Osteichthyes
Bream,Osteichthyes
Black carp,Osteichthyes
Trout,Osteichthyes
Ring-necked Pheasant,Aves
Catfish,Osteichthyes
Partridge,Aves
Mole,Mammalia
Wujin Pig,Mammalia
Cauliflower Snake,Reptilia
Black-tailed Snake,Reptilia
Gray Rat Snake,Reptilia
Water Snake,Reptilia
Red Deer,Mammalia
Altai Wapiti,Mammalia
Sambar Deer,Mammalia
White-tailed Deer,Mammalia
Lizard,Reptilia
Chinese Softshell Turtle,Reptilia
Grass Turtle,Reptilia
Red-eared Slider,Reptilia
Yellow-throated terrapin,Reptilia
Pearl turtle,Reptilia
Three-lined box turtle,Reptilia
Alligator snapping turtle,Reptilia
Chinese sturgeon,Osteichthyes
Siberian sturgeon,Osteichthyes
Dabry's sturgeon,Osteichthyes
Sterlet,Osteichthyes
Russian sturgeon,Osteichthyes
Chinese paddlefish,Osteichthyes
Starry sturgeon,Osteichthyes
Ship sturgeon,Osteichthyes
Amur sturgeon,Osteichthyes
Nile crocodile,Reptilia
Saltwater crocodile,Reptilia
Chinese giant salamander,Amphibia
Eel,Osteichthyes
Loach,Osteichthyes
Asian swamp eel,Actinopterygii
Yellow catfish,Actinopterygii
Blackfish,Actinopterygii
Pomfret,Actinopterygii
Bream,Osteichthyes
Tilapia,Actinopterygii
Shad,Osteichthyes
Chinese herring,Osteichthyes
Yellow croaker,Osteichthyes
Hairtail,Osteichthyes
Badger,Mammalia
Hog badger,Mammalia
Yellow weasel,Mammalia
Bamboo rat,Mammalia
Chinese Zokor,Mammalia
Muskrat,Mammalia
Wild Yak,Mammalia
Cattle,Mammalia
Tibetan Sheep,Mammalia
Tibetan Wild Ass,Mammalia
Blue Sheep,Mammalia
Ant,Insecta
Wild Camel,Mammalia
Ostrich,Aves
Emu,Aves
Giant Freshwater Prawn,Malacostraca
Macrobrachium rosenbergii,Malacostraca
Exopalaemon modestus,Malacostraca
Macrobrachium nipponense,Malacostraca
Atyopsis spinipes,Malacostraca
Chinese mitten crab,Malacostraca
Ghost shrimp,Malacostraca
Neocaridina denticulata sinensis,Malacostraca
Serrated Hua Crab,Malacostraca
Hairy-footed Freshwater Crab,Malacostraca
Lynx,Mammalia
Snow Leopard,Mammalia
Snow Chicken,Aves
Mule,Mammalia
Field snail,Gastropoda
Turret snail,Gastropoda
Conch,Gastropoda
Stone snail,Gastropoda
Ear River Snail,Gastropoda
Golden Apple Snail,Gastropoda
Flat Snail,Gastropoda
Disc Snail,Gastropoda
Marsh Snail,Gastropoda
Gray wolf,Mammalia
Dhole,Mammalia
Small Indian mongoose,Mammalia
Coyote,Mammalia
Tibetan fox,Mammalia
Ussuri raccoon dog,Mammalia
Luhua chicken,Aves
Snow hare,Mammalia
Plateau hare,Mammalia
Blue peacock,Aves
Sparrow,Aves
Asian Blue Lobster,Malacostraca
European Blue Lobster,Malacostraca
Magpie,Aves
African Warthog,Mammalia
Red River Hog,Mammalia
Bornean Bearded Pig,Mammalia
Przewalski's Horse,Mammalia
Asian Wild Elephant,Mammalia
African Wild Elephant,Mammalia
Spotted Dove,Aves
European Turtle Dove,Aves
Oriental Turtle Dove,Aves
Eurasian Collared Dove,Aves
Rat Snake,Reptilia
Gayal,Mammalia
Zebu,Mammalia
Water Buffalo,Mammalia
Shiqi pigeon,Aves
Flying fox,Mammalia
Fruit bat,Mammalia
Reindeer,Mammalia
Alpaca,Mammalia
Muscovy Duck,Aves
Mallard,Aves
Mink,Mammalia
Beaked Walnut,Magnoliopsida
Wild Walnut,Magnoliopsida
Small-fruited Walnut,Dicotyledons
Hu Walnut,Magnoliopsida
Pao Walnut,Dicotyledons
Wingnut Fruit,Magnoliopsida
Chinese Pistache Fruit,Magnoliopsida
Sumac,Magnoliopsida
Japanese Chestnut,Dicotyledons
Chinquapin,Dicotyledons
Chestnut,Dicotyledons
Chinese Chestnut,Dicotyledons
Acorn,Magnoliopsida
Andean Walnut,Dicotyledons
Betel Nut,Magnoliopsida
Bitter Apricot Kernel,Magnoliopsida
Breadfruit,Magnoliopsida
Pecan,Magnoliopsida
Cashew,Magnoliopsida
Chestnut,Magnoliopsida
Hazelnut,Magnoliopsida
Chinese Chestnut,Magnoliopsida
American Walnut,Magnoliopsida
Ginkgo Nut,Magnoliopsida
Cola Nut,Magnoliopsida
Lotus Seed,Magnoliopsida
Euryale ferox,Magnoliopsida
Macadamia nut,Magnoliopsida
Macadamia nut,Magnoliopsida
Baobab nut,Magnoliopsida
Palm nut,"Dicotyledon, but note that the Arecaceae family is an exception within the Monocotyledon class; this is a general description."
Peanut,Magnoliopsida
Pistachio,Magnoliopsida
Water caltrop,Magnoliopsida
Torreya,Magnoliopsida
Japanese Torreya,Magnoliopsida
Korean pine nut,Magnoliopsida
Huashan pine nuts,Magnoliopsida
Five-needle pine nuts,Magnoliopsida
Beauty pine nuts,Magnoliopsida
Golden larch nuts,Magnoliopsida
Pagoda pine nuts,Magnoliopsida
